XDETAIL,./DWGs/COMM/xdetail.dwg,X-SYMB,RED,CONTINUOUS,0,0,-1,-1
XSECTA,./DWGs/COMM/xsecta.dwg,X-SYMB,RED,CONTINUOUS,-1,0,-1,-1
XSECTT,./DWGs/COMM/xsectt.dwg,X-SYMB,RED,CONTINUOUS,0,1,-1,-1
CONDUIT-RISERS,,T-COND,GREEN,CONTINUOUS,0,-1,LINE,-1
EQUIPMENT,,T-EQPM,MAGENTA,CONTINUOUS,0,-1,LINE,-1
CABTRAYS,,T-EQPM-CABT,MAGENTA,CONTINUOUS,0,-1,LINE,-1
RACEWAY1,,T-EQPM-RACE,YELLOW,CONTINUOUS,0,-1,LINE,-1
RACEWAY2,,T-EQPM-RACE,YELLOW,CONTINUOUS,0,-1,DL,-1
CABLE,,T-CABL,BLUE,CONTINUOUS,0,-1,LINE,-1
COPPCAB,,T-CABL-COPR,MAGENTA,CONTINUOUS,0,-1,LINE,-1
FIBRCAB,,T-CABL-OFIB,YELLOW,CONTINUOUS,0,-1,LINE,-1
OPLANCAB,,T-CABL-OUTP,RED,CONTINUOUS,0,-1,LINE,-1
1VOICEO,,T-JACK-VOIC,GREEN,CONTINUOUS,0,-1,-1,-1
1WALLPHONEO,,T-JACK-VOIC-WALL,GREEN,CONTINUOUS,0,-1,-1,-1
1SURFV,,T-JACK-VOIC-SURF,GREEN,CONTINUOUS,0,-1,-1,-1
1FLOORV,,T-JACK-VOIC-FLOR,GREEN,CONTINUOUS,0,-1,-1,-1
1CEILV,,T-JACK-VOIC-CLNG,GREEN,CONTINUOUS,0,-1,-1,-1
1DATAO,,T-JACK-DATA,GREEN,CONTINUOUS,0,-1,-1,-1
1SURFDAT,,T-JACK-DATA-SURF,GREEN,CONTINUOUS,0,-1,-1,-1
1FLOORDAT,,T-JACK-DATA-FLOR,GREEN,CONTINUOUS,0,-1,-1,-1
1CEILDAT,,T-JACK-DATA-CLNG,GREEN,CONTINUOUS,0,-1,-1,-1
1VOICEDATA,,T-JACK-VDAT,GREEN,CONTINUOUS,0,-1,-1,-1
1SURFVDAT,,T-JACK-VDAT-SURF,GREEN,CONTINUOUS,0,-1,-1,-1
1FLOORVDAT,,T-JACK-VDAT-FLOR,GREEN,CONTINUOUS,0,-1,-1,-1
1CEILVDAT,,T-JACK-VDAT-CLNG,GREEN,CONTINUOUS,0,-1,-1,-1
1FUTC,,T-JACK-FUTC,GREEN,CONTINUOUS,0,-1,-1,-1
1FUTCSURF,,T-JACK-FUTC-SURF,GREEN,CONTINUOUS,0,-1,-1,-1
1FUTCFLOR,,T-JACK-FUTC-FLOR,GREEN,CONTINUOUS,0,-1,-1,-1
1FUTCCLNG,,T-JACK-FUTC-CLNG,GREEN,CONTINUOUS,0,-1,-1,-1
1POKETHRU,,T-PKTH,YELLOW,CONTINUOUS,0,-1,-1,-1
1FURN,,T-FURN-FEED,YELLOW,CONTINUOUS,0,-1,-1,-1
1AUDVIS,,T-AUDV,MAGENTA,CONTINUOUS,0,-1,-1,-1
1SPCP,,T-SPCP,GREEN,CONTINUOUS,0,-1,-1,-1
1SPLICE,,T-SPLC,MAGENTA,CONTINUOUS,0,-1,-1,-1
1PULLBOX,,T-PULB,MAGENTA,CONTINUOUS,0,-1,-1,-1
1POWER,,T-POWR,MAGENTA,CONTINUOUS,0,-1,-1,-1
2TOVOICE,./DWGs/TELD/TOVOICE.dwg,T-JACK-VOIC-WALL,GREEN,CONTINUOUS,-1,0,W,-1
2TODATA,./DWGs/TELD/TODATA.dwg,T-JACK-DATA,GREEN,CONTINUOUS,-1,0,,-1
2TOVOICE2,./DWGs/TELD/TOVOICE.dwg,E-AUXL,YELLOW,CONTINUOUS,-1,0,-1,-1
2TOVD,./DWGs/TELD/TOVD.dwg,T-JACK-VDAT,GREEN,CONTINUOUS,-1,0,,-1
2TODATA2,./DWGs/TELD/TODATA.dwg,T-JACK-DATA,GREEN,CONTINUOUS,-1,0,-1,-1
2TOVOICE3,./DWGs/TELD/TOVOICE.dwg,T-JACK-VOIC-WALL,GREEN,CONTINUOUS,-1,0,-1,-1
2TOVD2,./DWGs/TELD/TOVD.dwg,T-JACK-VDAT,GREEN,CONTINUOUS,-1,0,-1,-1
2TOSDATA,./DWGs/TELD/TOSDATA.dwg,T-JACK-DATA-SURF,GREEN,CONTINUOUS,-1,0,-1,-1
2TOSVOICE,./DWGs/TELD/TOSVOICE.dwg,T-JACK-VOIC-SURF,GREEN,CONTINUOUS,-1,0,-1,-1
2TOSVD,./DWGs/TELD/TOSVD.dwg,T-JACK-VDAT-SURF,GREEN,CONTINUOUS,-1,0,-1,-1
2TOFDATA,./DWGs/TELD/TOFDATA.dwg,T-JACK-DATA-FLOR,GREEN,CONTINUOUS,-1,0,-1,-1
2TOFVOICE,./DWGs/TELD/TOFVOICE.dwg,T-JACK-VOIC-FLOR,GREEN,CONTINUOUS,-1,0,-1,-1
2TOFVD,./DWGs/TELD/TOFVD.dwg,T-JACK-VDAT-FLOR,GREEN,CONTINUOUS,-1,0,-1,-1
2TOCDATA,./DWGs/TELD/TOCDATA.dwg,T-JACK-DATA-CLNG,GREEN,CONTINUOUS,-1,0,-1,-1
2TOCVOICE,./DWGs/TELD/TOCVOICE.dwg,T-JACK-VOIC-CLNG,GREEN,CONTINUOUS,-1,0,-1,-1
2TOCVD,./DWGs/TELD/TOCVD.dwg,T-JACK-VDAT-CLNG,GREEN,CONTINUOUS,-1,0,-1,-1
2TOFC,./DWGs/TELD/TOFC.dwg,T-JACK-FUTC,GREEN,CONTINUOUS,-1,0,FC,-1
2TOSFC,./DWGs/TELD/TOSFC.dwg,T-JACK-FUTC-SURF,GREEN,CONTINUOUS,-1,0,FC,-1
2TOCFC,./DWGs/TELD/TOCFC.dwg,T-JACK-FUTC-CLNG,GREEN,CONTINUOUS,-1,0,FC,-1
2TOFFC,./DWGs/TELD/TOFFC.dwg,T-JACK-FUTC-FLOR,GREEN,CONTINUOUS,-1,0,FC,-1
2TSQR2,./DWGs/TELD/tsqr2.dwg,T-PKTH,YELLOW,CONTINUOUS,-1,0,PT,-1
2TOPOKE2,./DWGs/TELD/TOPOKE2.dwg,T-PKTH,YELLOW,CONTINUOUS,-1,0,-1,-1
2TSQR2-2,./DWGs/TELD/tsqr2.dwg,T-FURN-FEED,YELLOW,CONTINUOUS,-1,0,FF,-1
3TMCAMERA,./DWGs/TELD/tmcamera.dwg,T-AUDV,MAGENTA,CONTINUOUS,-1,0,SP,-1
3TMMONITOR,./DWGs/TELD/tmmonitor.dwg,T-AUDV-MONT,MAGENTA,CONTINUOUS,-1,0,M,-1
3TMSPURP,./DWGs/TELD/TMSPURP.dwg,T-SPCP,GREEN,CONTINUOUS,-1,0,SP,-1
3TMSPLICE,./DWGs/TELD/tmsplice.dwg,T-SPLC,MAGENTA,CONTINUOUS,-1,0,-1,-1
3TSQR2,./DWGs/TELD/tsqr2.dwg,T-PULB,MAGENTA,CONTINUOUS,-1,0,PB,-1
3TPDDPLX,./DWGs/TELD/TPDDPLX.dwg,T-POWR,MAGENTA,CONTINUOUS,-1,0,-1,-1
3TPGFI,./DWGs/TELD/TPGFI.dwg,T-POWR,MAGENTA,CONTINUOUS,-1,0,-1,-1
3TPDPLX,./DWGs/TELD/TPDPLX.dwg,T-POWR,MAGENTA,CONTINUOUS,-1,0,-1,-1
3TPFLDPLX,./DWGs/TELD/TPFLDPLX.dwg,T-POWR,MAGENTA,CONTINUOUS,-1,0,-1,-1
3TPFGFI,./DWGs/TELD/TPFGFI.dwg,T-POWR,MAGENTA,CONTINUOUS,-1,0,-1,-1
3TPSPLX,./DWGs/TELD/TPSPLX.dwg,T-POWR,MAGENTA,CONTINUOUS,-1,0,-1,-1
TGDIAM,./DWGs/TELD/tgdiam.dwg,T-NOTE,CYAN,CONTINUOUS,0,0,-1,-1
TGNOTE,./DWGs/TELD/tgnote.dwg,T-NOTE,CYAN,CONTINUOUS,0,0,-1,-1
EGDIAM,./DWGs/ELEC/egdiam.dwg,E-NOTE,CYAN,CONTINUOUS,0,0,-1,-1
EGNOTE,./DWGs/ELEC/egnote.dwg,E-NOTE,CYAN,CONTINUOUS,0,0,-1,-1
PGDIAM,./DWGs/PLUM/pgdiam.dwg,P-NOTE,CYAN,CONTINUOUS,0,0,-1,-1
PGNOTE,./DWGs/PLUM/pgnote.dwg,P-NOTE,CYAN,CONTINUOUS,0,0,-1,-1
HGDIAM,./DWGs/HVAC/hgdiam.dwg,M-NOTE,CYAN,CONTINUOUS,0,0,-1,-1
HGNOTE,./DWGs/HVAC/hgnote.dwg,M-NOTE,CYAN,CONTINUOUS,0,0,-1,-1
LFC1X1,./DWGs/ELEC/lfc1x1.dwg,E-LITE,YELLOW,CONTINUOUS,-1,0,E,1
LFC1X2,./DWGs/ELEC/lfc1x2.dwg,E-LITE,YELLOW,CONTINUOUS,-1,0,E,1
LFC1X3,./DWGs/ELEC/lfc1x3.dwg,E-LITE,YELLOW,CONTINUOUS,-1,0,E,1
LFC1X4,./DWGs/ELEC/lfc1x4.dwg,E-LITE,YELLOW,CONTINUOUS,-1,0,E,1
LFC1X6,./DWGs/ELEC/lfc1x6.dwg,E-LITE,YELLOW,CONTINUOUS,-1,0,E,1
LFC1X8,./DWGs/ELEC/lfc1x8.dwg,E-LITE,YELLOW,CONTINUOUS,-1,0,E,1
LFC1X12,./DWGs/ELEC/lfc1x12.dwg,E-LITE,YELLOW,CONTINUOUS,-1,0,E,1
LFC2X2,./DWGs/ELEC/lfc2x2.dwg,E-LITE,YELLOW,CONTINUOUS,-1,0,E,1
LFC2X4,./DWGs/ELEC/lfc2x4.dwg,E-LITE,YELLOW,CONTINUOUS,-1,0,E,1
LFC4X4,./DWGs/ELEC/lfc4x4.dwg,E-LITE,YELLOW,CONTINUOUS,-1,0,E,1
LFE6IX1,./DWGs/ELEC/Lfe6ix1.dwg,E-LITE,YELLOW,CONTINUOUS,-1,0,-1,1
LFE6IX2,./DWGs/ELEC/Lfe6ix2.dwg,E-LITE,YELLOW,CONTINUOUS,-1,0,-1,1
LFE6IX3,./DWGs/ELEC/Lfe6ix3.dwg,E-LITE,YELLOW,CONTINUOUS,-1,0,-1,1
LFE6IX4,./DWGs/ELEC/Lfe6ix4.dwg,E-LITE,YELLOW,CONTINUOUS,-1,0,-1,1
LFE1X1,./DWGs/ELEC/lfe1x1.dwg,E-LITE,YELLOW,CONTINUOUS,-1,0,-1,1
LFE1X2,./DWGs/ELEC/lfe1x2.dwg,E-LITE,YELLOW,CONTINUOUS,-1,0,-1,1
LFE1X3,./DWGs/ELEC/lfe1x3.dwg,E-LITE,YELLOW,CONTINUOUS,-1,0,-1,1
LFE1X4,./DWGs/ELEC/lfe1x4.dwg,E-LITE,YELLOW,CONTINUOUS,-1,0,-1,1
LFE1X6,./DWGs/ELEC/lfe1x6.dwg,E-LITE,YELLOW,CONTINUOUS,-1,0,-1,1
LFE1X8,./DWGs/ELEC/lfe1x8.dwg,E-LITE,YELLOW,CONTINUOUS,-1,0,-1,1
LFE1X12,./DWGs/ELEC/lfe1x12.dwg,E-LITE,YELLOW,CONTINUOUS,-1,0,-1,1
LFE2X2,./DWGs/ELEC/lfe2x2.dwg,E-LITE,YELLOW,CONTINUOUS,-1,0,-1,1
LFE2X4,./DWGs/ELEC/lfe2x4.dwg,E-LITE,YELLOW,CONTINUOUS,-1,0,-1,1
LFE4X4,./DWGs/ELEC/lfe4x4.dwg,E-LITE,YELLOW,CONTINUOUS,-1,0,-1,1
LFS6IX1,./DWGs/ELEC/Lfs6ix1.dwg,E-LITE,YELLOW,CONTINUOUS,-1,0,-1,1
LFS6IX2,./DWGs/ELEC/Lfs6ix2.dwg,E-LITE,YELLOW,CONTINUOUS,-1,0,-1,1
LFS6IX3,./DWGs/ELEC/Lfs6ix3.dwg,E-LITE,YELLOW,CONTINUOUS,-1,0,-1,1
LFS6IX4,./DWGs/ELEC/Lfs6ix4.dwg,E-LITE,YELLOW,CONTINUOUS,-1,0,-1,1
LFS1X1,./DWGs/ELEC/lfs1x1.dwg,E-LITE,YELLOW,CONTINUOUS,-1,0,-1,1
LFS1X2,./DWGs/ELEC/lfs1x2.dwg,E-LITE,YELLOW,CONTINUOUS,-1,0,-1,1
LFS1X3,./DWGs/ELEC/lfs1x3.dwg,E-LITE,YELLOW,CONTINUOUS,-1,0,-1,1
LFS1X4,./DWGs/ELEC/lfs1x4.dwg,E-LITE,YELLOW,CONTINUOUS,-1,0,-1,1
LFS1X6,./DWGs/ELEC/lfs1x6.dwg,E-LITE,YELLOW,CONTINUOUS,-1,0,-1,1
LFS1X8,./DWGs/ELEC/lfs1x8.dwg,E-LITE,YELLOW,CONTINUOUS,-1,0,-1,1
LFS1X12,./DWGs/ELEC/lfs1x12.dwg,E-LITE,YELLOW,CONTINUOUS,-1,0,-1,1
LFS2X2,./DWGs/ELEC/lfs2x2.dwg,E-LITE,YELLOW,CONTINUOUS,-1,0,-1,1
LFS2X4,./DWGs/ELEC/lfs2x4.dwg,E-LITE,YELLOW,CONTINUOUS,-1,0,-1,1
LFS4X4,./DWGs/ELEC/lfs4x4.dwg,E-LITE,YELLOW,CONTINUOUS,-1,0,-1,1
LFSIND,./DWGs/ELEC/lfsind.dwg,E-LITE,YELLOW,CONTINUOUS,0,0,-1,1
LFSST1,./DWGs/ELEC/Lfsst1.dwg,E-LITE,YELLOW,CONTINUOUS,-1,0,-1,1
LFSST2,./DWGs/ELEC/Lfsst2.dwg,E-LITE,YELLOW,CONTINUOUS,-1,0,-1,1
LFSST3,./DWGs/ELEC/Lfsst3.dwg,E-LITE,YELLOW,CONTINUOUS,-1,0,-1,1
LFSST4,./DWGs/ELEC/Lfsst4.dwg,E-LITE,YELLOW,CONTINUOUS,-1,0,-1,1
LFSST6,./DWGs/ELEC/Lfsst6.dwg,E-LITE,YELLOW,CONTINUOUS,-1,0,-1,1
LFSST8,./DWGs/ELEC/Lfsst8.dwg,E-LITE,YELLOW,CONTINUOUS,-1,0,-1,1
LFN6IX1,./DWGs/ELEC/lfn6ix1.dwg,E-LITE,YELLOW,CONTINUOUS,-1,0,-1,1
LFN6IX2,./DWGs/ELEC/lfn6ix2.dwg,E-LITE,YELLOW,CONTINUOUS,-1,0,-1,1
LFN6IX3,./DWGs/ELEC/lfn6ix3.dwg,E-LITE,YELLOW,CONTINUOUS,-1,0,-1,1
LFN6IX4,./DWGs/ELEC/lfn6ix4.dwg,E-LITE,YELLOW,CONTINUOUS,-1,0,-1,1
LFN1x1,./DWGs/ELEC/lfn1x1.dwg,E-LITE,YELLOW,CONTINUOUS,-1,0,-1,1
LFN1x2,./DWGs/ELEC/lfn1x2.dwg,E-LITE,YELLOW,CONTINUOUS,-1,0,-1,1
LFN1x3,./DWGs/ELEC/lfn1x3.dwg,E-LITE,YELLOW,CONTINUOUS,-1,0,-1,1
LFN1x4,./DWGs/ELEC/lfn1x4.dwg,E-LITE,YELLOW,CONTINUOUS,-1,0,-1,1
LFN1x6,./DWGs/ELEC/lfn1x6.dwg,E-LITE,YELLOW,CONTINUOUS,-1,0,-1,1
LFN1x8,./DWGs/ELEC/lfn1x8.dwg,E-LITE,YELLOW,CONTINUOUS,-1,0,-1,1
LFN1x12,./DWGs/ELEC/lfn1x12.dwg,E-LITE,YELLOW,CONTINUOUS,-1,0,-1,1
LFN2x2,./DWGs/ELEC/lfn2x2.dwg,E-LITE,YELLOW,CONTINUOUS,-1,0,-1,1
LFN2x4,./DWGs/ELEC/lfn2x4.dwg,E-LITE,YELLOW,CONTINUOUS,-1,0,-1,1
LFN4x4,./DWGs/ELEC/lfn4x4.dwg,E-LITE,YELLOW,CONTINUOUS,-1,0,-1,1
LFNST1,./DWGs/ELEC/lfnst1.dwg,E-LITE,YELLOW,CONTINUOUS,-1,0,-1,1
LFNST2,./DWGs/ELEC/lfnst2.dwg,E-LITE,YELLOW,CONTINUOUS,-1,0,-1,1
LFNST3,./DWGs/ELEC/lfnst3.dwg,E-LITE,YELLOW,CONTINUOUS,-1,0,-1,1
LFNST4,./DWGs/ELEC/lfnst4.dwg,E-LITE,YELLOW,CONTINUOUS,-1,0,-1,1
LFNST6,./DWGs/ELEC/lfnst6.dwg,E-LITE,YELLOW,CONTINUOUS,-1,0,-1,1
LFNST8,./DWGs/ELEC/lfnst8.dwg,E-LITE,YELLOW,CONTINUOUS,-1,0,-1,1
LFNW6IX1,./DWGs/ELEC/lfnw6ix1.dwg,E-LITE,YELLOW,CONTINUOUS,-1,0,-1,1
LFNW6IX2,./DWGs/ELEC/lfnw6ix2.dwg,E-LITE,YELLOW,CONTINUOUS,-1,0,-1,1
LFNW6IX3,./DWGs/ELEC/lfnw6ix3.dwg,E-LITE,YELLOW,CONTINUOUS,-1,0,-1,1
LFNW6IX4,./DWGs/ELEC/lfnw6ix4.dwg,E-LITE,YELLOW,CONTINUOUS,-1,0,-1,1
LFNW1x1,./DWGs/ELEC/lfnw1x1.dwg,E-LITE,YELLOW,CONTINUOUS,-1,0,-1,1
LFNW1x2,./DWGs/ELEC/lfnw1x1.dwg,E-LITE,YELLOW,CONTINUOUS,-1,0,-1,1
LFNW1x3,./DWGs/ELEC/lfnw1x1.dwg,E-LITE,YELLOW,CONTINUOUS,-1,0,-1,1
LFNW1x4,./DWGs/ELEC/lfnw1x1.dwg,E-LITE,YELLOW,CONTINUOUS,-1,0,-1,1
LFNW1x6,./DWGs/ELEC/lfnw1x1.dwg,E-LITE,YELLOW,CONTINUOUS,-1,0,-1,1
LFNW1x8,./DWGs/ELEC/lfnw1x1.dwg,E-LITE,YELLOW,CONTINUOUS,-1,0,-1,1
LFNW1x12,./DWGs/ELEC/lfnw1x1.dwg,E-LITE,YELLOW,CONTINUOUS,-1,0,-1,1
LFNW2x2,./DWGs/ELEC/lfnw1x1.dwg,E-LITE,YELLOW,CONTINUOUS,-1,0,-1,1
LFNW2x4,./DWGs/ELEC/lfnw1x1.dwg,E-LITE,YELLOW,CONTINUOUS,-1,0,-1,1
LFNW4x4,./DWGs/ELEC/lfnw1x1.dwg,E-LITE,YELLOW,CONTINUOUS,-1,0,-1,1
LFNWIND,./DWGs/ELEC/lfnwind.dwg,E-LITE,YELLOW,CONTINUOUS,0,0,-1,1
LFNC6IX1,./DWGs/ELEC/lfnc6ix1.dwg,E-LITE,YELLOW,CONTINUOUS,-1,0,-1,1
LFNC6IX2,./DWGs/ELEC/lfnc6ix2.dwg,E-LITE,YELLOW,CONTINUOUS,-1,0,-1,1
LFNC6IX3,./DWGs/ELEC/lfnc6ix3.dwg,E-LITE,YELLOW,CONTINUOUS,-1,0,-1,1
LFNC6IX4,./DWGs/ELEC/lfnc6ix4.dwg,E-LITE,YELLOW,CONTINUOUS,-1,0,-1,1
LFNC1x1,./DWGs/ELEC/lfnc1x1.dwg,E-LITE,YELLOW,CONTINUOUS,-1,0,-1,1
LFNC1x2,./DWGs/ELEC/lfnc1x2.dwg,E-LITE,YELLOW,CONTINUOUS,-1,0,-1,1
LFNC1x3,./DWGs/ELEC/lfnc1x3.dwg,E-LITE,YELLOW,CONTINUOUS,-1,0,-1,1
LFNC1x4,./DWGs/ELEC/lfnc1x4.dwg,E-LITE,YELLOW,CONTINUOUS,-1,0,-1,1
LFNC1x6,./DWGs/ELEC/lfnc1x6.dwg,E-LITE,YELLOW,CONTINUOUS,-1,0,-1,1
LFNC1x8,./DWGs/ELEC/lfnc1x8.dwg,E-LITE,YELLOW,CONTINUOUS,-1,0,-1,1
LFNC1x12,./DWGs/ELEC/lfnc1x12.dwg,E-LITE,YELLOW,CONTINUOUS,-1,0,-1,1
LFNC2x2,./DWGs/ELEC/lfnc2x2.dwg,E-LITE,YELLOW,CONTINUOUS,-1,0,-1,1
LFNC2x4,./DWGs/ELEC/lfnc2x4.dwg,E-LITE,YELLOW,CONTINUOUS,-1,0,-1,1
LFNC4x4,./DWGs/ELEC/lfnc4x4.dwg,E-LITE,YELLOW,CONTINUOUS,-1,0,-1,1
LFSTW1,./DWGs/ELEC/lfstw1.dwg,E-LITE,YELLOW,CONTINUOUS,-1,0,-1,1
LFSTW2,./DWGs/ELEC/lfstw2.dwg,E-LITE,YELLOW,CONTINUOUS,-1,0,-1,1
LFSTW3,./DWGs/ELEC/lfstw3.dwg,E-LITE,YELLOW,CONTINUOUS,-1,0,-1,1
LFSTW4,./DWGs/ELEC/lfstw4.dwg,E-LITE,YELLOW,CONTINUOUS,-1,0,-1,1
LFSTW6,./DWGs/ELEC/lfstw6.dwg,E-LITE,YELLOW,CONTINUOUS,-1,0,-1,1
LFSTW8,./DWGs/ELEC/lfstw8.dwg,E-LITE,YELLOW,CONTINUOUS,-1,0,-1,1
LFUNC1,./DWGs/ELEC/lfunc1.dwg,E-LITE,YELLOW,CONTINUOUS,-1,0,-1,1
LFUNC2,./DWGs/ELEC/lfunc2.dwg,E-LITE,YELLOW,CONTINUOUS,-1,0,-1,1
LFUNC3,./DWGs/ELEC/lfunc3.dwg,E-LITE,YELLOW,CONTINUOUS,-1,0,-1,1
LFUNC4,./DWGs/ELEC/lfunc4.dwg,E-LITE,YELLOW,CONTINUOUS,-1,0,-1,1
LFUNC6,./DWGs/ELEC/lfunc6.dwg,E-LITE,YELLOW,CONTINUOUS,-1,0,-1,1
LFUNC8,./DWGs/ELEC/lfunc8.dwg,E-LITE,YELLOW,CONTINUOUS,-1,0,-1,1
LINO,./DWGs/ELEC/lino.dwg,E-LITE,YELLOW,CONTINUOUS,0,0,-1,1
LINOW,./DWGs/ELEC/linow.dwg,E-LITE,YELLOW,CONTINUOUS,-1,0,,-1
LIWWASH,./DWGs/ELEC/liwwash.dwg,E-LITE,YELLOW,CONTINUOUS,-1,0,-1,1
LILS,./DWGs/ELEC/lils.dwg,E-LITE,YELLOW,CONTINUOUS,0,0,-1,1
LILSWALL,./DWGs/ELEC/lilswall.dwg,E-LITE,YELLOW,CONTINUOUS,-1,0,-1,-1
LICR,./DWGs/ELEC/licr.dwg,E-LITE,YELLOW,CONTINUOUS,0,0,E,1
LINOW2,./DWGs/ELEC/linow.dwg,E-LITE,YELLOW,CONTINUOUS,-1,0,E,-1
LIWSCON,./DWGs/ELEC/liwscon.dwg,E-LITE,YELLOW,CONTINUOUS,-1,0,-1,1
LIPENDA1,./DWGs/ELEC/lipenda1.dwg,E-LITE,YELLOW,CONTINUOUS,0,0,-1,1
LIPENDA2,./DWGs/ELEC/lipenda2.dwg,E-LITE,YELLOW,CONTINUOUS,0,0,-1,1
LIPENDA3,./DWGs/ELEC/lipenda3.dwg,E-LITE,YELLOW,CONTINUOUS,0,0,-1,1
LIPENDA4,./DWGs/ELEC/lipenda4.dwg,E-LITE,YELLOW,CONTINUOUS,0,0,-1,1
PSWPLAIN,./DWGs/ELEC/pswplain.dwg,E-LITE,YELLOW,CONTINUOUS,-1,0,;,-1
PSWPLAIN2,./DWGs/ELEC/pswplain.dwg,E-LITE,YELLOW,CONTINUOUS,-1,0,;3a,-1
PSWPLAIN3,./DWGs/ELEC/pswplain.dwg,E-LITE,YELLOW,CONTINUOUS,-1,0,;a,-1
PSWPLAIN4,./DWGs/ELEC/pswplain.dwg,E-LITE,YELLOW,CONTINUOUS,-1,0,;b,-1
ESQR2,./DWGs/ELEC/esqr2.dwg,E-LITE,YELLOW,CONTINUOUS,-1,0,R,-1
PSWPLAIN5,./DWGs/ELEC/pswplain.dwg,E-LITE,YELLOW,CONTINUOUS,-1,0,BP;,-1
PSWPLAIN6,./DWGs/ELEC/pswplain.dwg,E-LITE,YELLOW,CONTINUOUS,-1,0,BP;3,-1
PSWPLAIN7,./DWGs/ELEC/pswplain.dwg,E-LITE,YELLOW,CONTINUOUS,-1,0,BP;a,-1
PSWPLAIN8,./DWGs/ELEC/pswplain.dwg,E-LITE,YELLOW,CONTINUOUS,-1,0,BP;b,-1
ESQR2L,./DWGs/ELEC/esqr2l.dwg,E-LITE,YELLOW,CONTINUOUS,-1,0,P,-1
PSWPLAIN9,./DWGs/ELEC/pswplain.dwg,E-LITE,YELLOW,CONTINUOUS,-1,0,-1,-1
PSWMOMC,./DWGs/ELEC/pswmomc.dwg,E-LITE,YELLOW,CONTINUOUS,-1,0,-1,-1
EFHEX1,./DWGs/ELEC/efhex1.dwg,E-LITE,YELLOW,CONTINUOUS,-1,0,C,-1
ESQR2-2,./DWGs/ELEC/esqr2.dwg,E-LITE,YELLOW,CONTINUOUS,-1,0,D1,-1
ESQR2-3,./DWGs/ELEC/esqr2.dwg,E-LITE,YELLOW,CONTINUOUS,-1,0,D2,-1
PSWMOTI,./DWGs/ELEC/pswmoti.dwg,E-LITE,YELLOW,CONTINUOUS,-1,0,-1,-1
ESQR2L-2,./DWGs/ELEC/esqr2l.dwg,E-LITE,YELLOW,CONTINUOUS,-1,0,IC,-1
PSWMOMCL,./DWGs/ELEC/pswmomcl.dwg,E-LITE,YELLOW,CONTINUOUS,-1,0,-1,-1
PSWTIMER,./DWGs/ELEC/pswtimer.dwg,E-LITE,YELLOW,CONTINUOUS,-1,0,-1,-1
EDTRI1,./DWGs/ELEC/edtri1.dwg,E-LITE,YELLOW,CONTINUOUS,-1,0,S,-1
EDIAM2L,./DWGs/ELEC/ediam2l.dwg,E-LITE,YELLOW,CONTINUOUS,-1,0,L,-1
ESQR2-4,./DWGs/ELEC/esqr2.dwg,E-LITE,YELLOW,CONTINUOUS,-1,0,TS,-1
ESQR2-5,./DWGs/ELEC/esqr2.dwg,E-LITE,YELLOW,CONTINUOUS,-1,0,TC,-1
ESQR2-6,./DWGs/ELEC/esqr2.dwg,E-LITE,YELLOW,CONTINUOUS,-1,0,FD,-1
PSWPLAIN10,./DWGs/ELEC/pswplain.dwg,E-LITE,YELLOW,CONTINUOUS,-1,0,;P,-1
PSWPLAIN11,./DWGs/ELEC/pswplain.dwg,E-LITE,YELLOW,CONTINUOUS,-1,0,;K,-1
PSWPLAIN12,./DWGs/ELEC/pswplain.dwg,E-LITE,YELLOW,CONTINUOUS,-1,0,;M,-1
PSWPUSH1,./DWGs/ELEC/pswpush1.dwg,E-LITE,YELLOW,CONTINUOUS,-1,0,-1,-1
PSWPUSH2,./DWGs/ELEC/pswpush2.dwg,E-LITE,YELLOW,CONTINUOUS,-1,0,-1,-1
PSWPUSH3,./DWGs/ELEC/pswpush3.dwg,E-LITE,YELLOW,CONTINUOUS,-1,0,-1,-1
ESSQRB,./DWGs/ELEC/essqrb.dwg,E-LITE,YELLOW,CONTINUOUS,-1,0,-1,-1
ESSQR2BR,./DWGs/ELEC/essqr2br.dwg,E-LITE,YELLOW,CONTINUOUS,-1,0,-1,-1
ESSQR2BS,./DWGs/ELEC/essqr2bs.dwg,E-LITE,YELLOW,CONTINUOUS,-1,0,-1,-1
ESSQR3B,./DWGs/ELEC/essqr3b.dwg,E-LITE,YELLOW,CONTINUOUS,-1,0,-1,-1
ESSQR4B,./DWGs/ELEC/essqr4b.dwg,E-LITE,YELLOW,CONTINUOUS,-1,0,-1,-1
ESRNDB,./DWGs/ELEC/esrndb.dwg,E-LITE,YELLOW,CONTINUOUS,0,0,-1,-1
ESRND2BR,./DWGs/ELEC/esrnd2br.dwg,E-LITE,YELLOW,CONTINUOUS,-1,0,-1,-1
ESRND2BS,./DWGs/ELEC/esrnd2bs.dwg,E-LITE,YELLOW,CONTINUOUS,-1,0,-1,-1
ESRND3B,./DWGs/ELEC/esrnd3b.dwg,E-LITE,YELLOW,CONTINUOUS,-1,0,-1,-1
ESRND4B,./DWGs/ELEC/esrnd4b.dwg,E-LITE,YELLOW,CONTINUOUS,-1,0,-1,-1
ESSQRBL,./DWGs/ELEC/essqrbl.dwg,E-LITE,YELLOW,CONTINUOUS,-1,0,-1,-1
ESRNDBL,./DWGs/ELEC/esrndbl.dwg,E-LITE,YELLOW,CONTINUOUS,-1,0,-1,-1
EEBAT,./DWGs/ELEC/eebat.dwg,E-LITE,YELLOW,CONTINUOUS,-1,0,EB,-1
EEBATH,./DWGs/ELEC/eebath.dwg,E-LITE,YELLOW,CONTINUOUS,-1,0,EB,-1
EEREMH,./DWGs/ELEC/eeremh.dwg,E-LITE,YELLOW,CONTINUOUS,-1,0,-1,-1
EEREMDH,./DWGs/ELEC/eeremdh.dwg,E-LITE,YELLOW,CONTINUOUS,-1,0,-1,-1
CHIEX1-3FE,./DWGs/ELEC/chiex1-3.dwg,E-LITE-EXIT,RED,CONTINUOUS,-1,0,#1,-1
CHIEX1-3S,./DWGs/ELEC/chiex1-3.dwg,E-LITE-EXIT,RED,CONTINUOUS,-1,0,#2,-1
CHIEX1-3E,./DWGs/ELEC/chiex1-3.dwg,E-LITE-EXIT,RED,CONTINUOUS,-1,0,#3,-1
CHIEX4-6FE,./DWGs/ELEC/chiex4-6.dwg,E-LITE-EXIT,RED,CONTINUOUS,-1,0,#4,-1
CHIEX4-6S,./DWGs/ELEC/chiex4-6.dwg,E-LITE-EXIT,RED,CONTINUOUS,-1,0,#5,-1
CHIEX4-6E,./DWGs/ELEC/chiex4-6.dwg,E-LITE-EXIT,RED,CONTINUOUS,-1,0,#6,-1
CHIEX7-9FE,./DWGs/ELEC/chiex7-9.dwg,E-LITE-EXIT,RED,CONTINUOUS,-1,0,#7,-1
CHIEX7-9S,./DWGs/ELEC/chiex7-9.dwg,E-LITE-EXIT,RED,CONTINUOUS,-1,0,#8,-1
CHIEX7-9E,./DWGs/ELEC/chiex7-9.dwg,E-LITE-EXIT,RED,CONTINUOUS,-1,0,#9,-1
CHIEX10-12FE,./DWGs/ELEC/chiex10-12.dwg,E-LITE-EXIT,RED,CONTINUOUS,-1,0,#10,-1
CHIEX10-12S,./DWGs/ELEC/chiex10-12.dwg,E-LITE-EXIT,RED,CONTINUOUS,-1,0,#11,-1
CHIEX10-12E,./DWGs/ELEC/chiex10-12.dwg,E-LITE-EXIT,RED,CONTINUOUS,-1,0,#12,-1
CHIEX13-15FE,./DWGs/ELEC/chiex13-15.dwg,E-LITE-EXIT,RED,CONTINUOUS,-1,0,#13,-1
CHIEX13-15S,./DWGs/ELEC/chiex13-15.dwg,E-LITE-EXIT,RED,CONTINUOUS,-1,0,#14,-1
CHIEX13-15E,./DWGs/ELEC/chiex13-15.dwg,E-LITE-EXIT,RED,CONTINUOUS,-1,0,#15,-1
CHIEX16-18FE,./DWGs/ELEC/chiex16-18.dwg,E-LITE-EXIT,RED,CONTINUOUS,-1,0,#16,-1
CHIEX16-18S,./DWGs/ELEC/chiex16-18.dwg,E-LITE-EXIT,RED,CONTINUOUS,-1,0,#17,-1
CHIEX16-18E,./DWGs/ELEC/chiex16-18.dwg,E-LITE-EXIT,RED,CONTINUOUS,-1,0,#18,-1
CHIEX19-21FE,./DWGs/ELEC/chiex19-21.dwg,E-LITE-EXIT,RED,CONTINUOUS,-1,0,#19,-1
CHIEX19-21S,./DWGs/ELEC/chiex19-21.dwg,E-LITE-EXIT,RED,CONTINUOUS,-1,0,#20,-1
CHIEX19-21E,./DWGs/ELEC/chiex19-21.dwg,E-LITE-EXIT,RED,CONTINUOUS,-1,0,#21,-1
CHIEX22-24FE,./DWGs/ELEC/chiex22-24.dwg,E-LITE-EXIT,RED,CONTINUOUS,-1,0,#22,-1
CHIEX22-24S,./DWGs/ELEC/chiex22-24.dwg,E-LITE-EXIT,RED,CONTINUOUS,-1,0,#23,-1
CHIEX22-24E,./DWGs/ELEC/chiex22-24.dwg,E-LITE-EXIT,RED,CONTINUOUS,-1,0,#24,-1
CHIEXLD1-3FE,./DWGs/ELEC/chiexld1-3.dwg,E-LITE-EXIT,RED,CONTINUOUS,-1,0,#1,-1
CHIEXLD1-3S,./DWGs/ELEC/chiexld1-3.dwg,E-LITE-EXIT,RED,CONTINUOUS,-1,0,#2,-1
CHIEXLD1-3E,./DWGs/ELEC/chiexld1-3.dwg,E-LITE-EXIT,RED,CONTINUOUS,-1,0,#3,-1
CHIEXLD4-6FE,./DWGs/ELEC/chiexld4-6.dwg,E-LITE-EXIT,RED,CONTINUOUS,-1,0,#4,-1
CHIEXLD4-6S,./DWGs/ELEC/chiexld4-6.dwg,E-LITE-EXIT,RED,CONTINUOUS,-1,0,#5,-1
CHIEXLD4-6E,./DWGs/ELEC/chiexld4-6.dwg,E-LITE-EXIT,RED,CONTINUOUS,-1,0,#6,-1
CHIEXLD7-9FE,./DWGs/ELEC/chiexld7-9.dwg,E-LITE-EXIT,RED,CONTINUOUS,-1,0,#7,-1
CHIEXLD7-9S,./DWGs/ELEC/chiexld7-9.dwg,E-LITE-EXIT,RED,CONTINUOUS,-1,0,#8,-1
CHIEXLD7-9E,./DWGs/ELEC/chiexld7-9.dwg,E-LITE-EXIT,RED,CONTINUOUS,-1,0,#9,-1
CHIEXLD10-12FE,./DWGs/ELEC/chiexld10-12.dwg,E-LITE-EXIT,RED,CONTINUOUS,-1,0,#10,-1
CHIEXLD10-12S,./DWGs/ELEC/chiexld10-12.dwg,E-LITE-EXIT,RED,CONTINUOUS,-1,0,#11,-1
CHIEXLD10-12E,./DWGs/ELEC/chiexld10-12.dwg,E-LITE-EXIT,RED,CONTINUOUS,-1,0,#12,-1
CHIEXLR1-3FE,./DWGs/ELEC/chiexlr1-3.dwg,E-LITE-EXIT,RED,CONTINUOUS,-1,0,#1,-1
CHIEXLR1-3S,./DWGs/ELEC/chiexlr1-3.dwg,E-LITE-EXIT,RED,CONTINUOUS,-1,0,#2,-1
CHIEXLR1-3E,./DWGs/ELEC/chiexlr1-3.dwg,E-LITE-EXIT,RED,CONTINUOUS,-1,0,#3,-1
CHIEXLR4-6FE,./DWGs/ELEC/chiexlr4-6.dwg,E-LITE-EXIT,RED,CONTINUOUS,-1,0,#4,-1
CHIEXLR4-6S,./DWGs/ELEC/chiexlr4-6.dwg,E-LITE-EXIT,RED,CONTINUOUS,-1,0,#5,-1
CHIEXLR4-6E,./DWGs/ELEC/chiexlr4-6.dwg,E-LITE-EXIT,RED,CONTINUOUS,-1,0,#6,-1
CHIEXLR7-9FE,./DWGs/ELEC/chiexlr7-9.dwg,E-LITE-EXIT,RED,CONTINUOUS,-1,0,#7,-1
CHIEXLR7-9S,./DWGs/ELEC/chiexlr7-9.dwg,E-LITE-EXIT,RED,CONTINUOUS,-1,0,#8,-1
CHIEXLR7-9E,./DWGs/ELEC/chiexlr7-9.dwg,E-LITE-EXIT,RED,CONTINUOUS,-1,0,#9,-1
CHIEXLR10-12FE,./DWGs/ELEC/chiexlr10-12.dwg,E-LITE-EXIT,RED,CONTINUOUS,-1,0,#10,-1
CHIEXLR10-12S,./DWGs/ELEC/chiexlr10-12.dwg,E-LITE-EXIT,RED,CONTINUOUS,-1,0,#11,-1
CHIEXLR10-12E,./DWGs/ELEC/chiexlr10-12.dwg,E-LITE-EXIT,RED,CONTINUOUS,-1,0,#12,-1
CHIEXLL1-3FE,./DWGs/ELEC/chiexll1-3.dwg,E-LITE-EXIT,RED,CONTINUOUS,-1,0,#1,-1
CHIEXLL1-3S,./DWGs/ELEC/chiexll1-3.dwg,E-LITE-EXIT,RED,CONTINUOUS,-1,0,#2,-1
CHIEXLL1-3E,./DWGs/ELEC/chiexll1-3.dwg,E-LITE-EXIT,RED,CONTINUOUS,-1,0,#3,-1
CHIEXLL4-6FE,./DWGs/ELEC/chiexll4-6.dwg,E-LITE-EXIT,RED,CONTINUOUS,-1,0,#4,-1
CHIEXLL4-6S,./DWGs/ELEC/chiexll4-6.dwg,E-LITE-EXIT,RED,CONTINUOUS,-1,0,#5,-1
CHIEXLL4-6E,./DWGs/ELEC/chiexll4-6.dwg,E-LITE-EXIT,RED,CONTINUOUS,-1,0,#6,-1
CHIEXLL7-9FE,./DWGs/ELEC/chiexll7-9.dwg,E-LITE-EXIT,RED,CONTINUOUS,-1,0,#7,-1
CHIEXLL7-9S,./DWGs/ELEC/chiexll7-9.dwg,E-LITE-EXIT,RED,CONTINUOUS,-1,0,#8,-1
CHIEXLL7-9E,./DWGs/ELEC/chiexll7-9.dwg,E-LITE-EXIT,RED,CONTINUOUS,-1,0,#9,-1
CHIEXLL10-12FE,./DWGs/ELEC/chiexll10-12.dwg,E-LITE-EXIT,RED,CONTINUOUS,-1,0,#10,-1
CHIEXLL10-12S,./DWGs/ELEC/chiexll10-12.dwg,E-LITE-EXIT,RED,CONTINUOUS,-1,0,#11,-1
CHIEXLL10-12E,./DWGs/ELEC/chiexll10-12.dwg,E-LITE-EXIT,RED,CONTINUOUS,-1,0,#12,-1
CHIEXLB16-18FE,./DWGs/ELEC/chiexlb16-18.dwg,E-LITE-EXIT,RED,CONTINUOUS,-1,0,#16,-1
CHIEXLB16-18S,./DWGs/ELEC/chiexlb16-18.dwg,E-LITE-EXIT,RED,CONTINUOUS,-1,0,#17,-1
CHIEXLB16-18E,./DWGs/ELEC/chiexlb16-18.dwg,E-LITE-EXIT,RED,CONTINUOUS,-1,0,#18,-1
CHIEXLB19-21FE,./DWGs/ELEC/chiexlb19-21.dwg,E-LITE-EXIT,RED,CONTINUOUS,-1,0,#19,-1
CHIEXLB19-21S,./DWGs/ELEC/chiexlb19-21.dwg,E-LITE-EXIT,RED,CONTINUOUS,-1,0,#20,-1
CHIEXLB19-21E,./DWGs/ELEC/chiexlb19-21.dwg,E-LITE-EXIT,RED,CONTINUOUS,-1,0,#21,-1
CHIEXLB22-24FE,./DWGs/ELEC/chiexlb22-24.dwg,E-LITE-EXIT,RED,CONTINUOUS,-1,0,#22,-1
CHIEXLB22-24S,./DWGs/ELEC/chiexlb22-24.dwg,E-LITE-EXIT,RED,CONTINUOUS,-1,0,#23,-1
CHIEXLB22-24E,./DWGs/ELEC/chiexlb22-24.dwg,E-LITE-EXIT,RED,CONTINUOUS,-1,0,#24,-1
EPSPLX,./DWGs/ELEC/epsplx.dwg,E-POWR,YELLOW,CONTINUOUS,-1,0,-1,-1
EPDPLX,./DWGs/ELEC/epdplx.dwg,E-POWR,YELLOW,CONTINUOUS,-1,0,-1,-1
EPDDPLX,./DWGs/ELEC/epddplx.dwg,E-POWR,YELLOW,CONTINUOUS,-1,0,-1,-1
EPCDPLX,./DWGs/ELEC/epcdplx.dwg,E-POWR,YELLOW,CONTINUOUS,-1,0,-1,-1
EPSWDPLX,./DWGs/ELEC/epswdplx.dwg,E-POWR,YELLOW,CONTINUOUS,-1,0,-1,-1
EPGFI,./DWGs/ELEC/epgfi.dwg,E-POWR,YELLOW,CONTINUOUS,-1,0,-1,-1
EPCGFI,./DWGs/ELEC/epcgfi.dwg,E-POWR,YELLOW,CONTINUOUS,-1,0,-1,-1
EPQGFI,./DWGs/ELEC/epqgfi.dwg,E-POWR,YELLOW,CONTINUOUS,-1,0,-1,-1
EPSFDPLX,./DWGs/ELEC/epsfdplx.dwg,E-POWR,YELLOW,CONTINUOUS,-1,0,-1,-1
EPSFDDPLX,./DWGs/ELEC/epsfddplx.dwg,E-POWR,YELLOW,CONTINUOUS,-1,0,-1,-1
EPFLDPLX,./DWGs/ELEC/epfldplx.dwg,E-POWR,YELLOW,CONTINUOUS,-1,0,-1,-1
EPFDDPLX,./DWGs/ELEC/epfddplx.dwg,E-POWR,YELLOW,CONTINUOUS,-1,0,-1,-1
EPSPCL,./DWGs/ELEC/epspcl.dwg,E-POWR,YELLOW,CONTINUOUS,-1,0,-1,-1
ECIR2L,./DWGs/ELEC/ecir2l.dwg,E-POWR,YELLOW,CONTINUOUS,-1,0,-1,-1
EPCFDTEL,./DWGs/ELEC/epcfdtel.dwg,E-POWR,YELLOW,CONTINUOUS,-1,0,-1,-1
EPCFDDTD,./DWGs/ELEC/epcfddtd.dwg,E-POWR,YELLOW,CONTINUOUS,-1,0,-1,-1
EPCFDD,./DWGs/ELEC/epcfdd.dwg,E-POWR,YELLOW,CONTINUOUS,-1,0,-1,-1
EPCFDDD,./DWGs/ELEC/epcfddd.dwg,E-POWR,YELLOW,CONTINUOUS,-1,0,-1,-1
EPYAG,./DWGs/ELEC/epyag.dwg,E-POWR,YELLOW,CONTINUOUS,-1,0,-1,-1
EPYAG2,./DWGs/ELEC/epyag2.dwg,E-POWR,YELLOW,CONTINUOUS,-1,0,-1,-1
EPYAG3,./DWGs/ELEC/epyag3.dwg,E-POWR,YELLOW,CONTINUOUS,-1,0,-1,-1
EPFYAG,./DWGs/ELEC/epfyag.dwg,E-POWR,YELLOW,CONTINUOUS,-1,0,-1,-1
ECIR2L-2,./DWGs/ELEC/ecir2l.dwg,E-POWR,YELLOW,CONTINUOUS,-1,0,XR,-1
ECIR2L-3,./DWGs/ELEC/ecir2l.dwg,E-POWR,YELLOW,CONTINUOUS,-1,0,FV,-1
EPDOD,./DWGs/ELEC/epdod.dwg,E-POWR,YELLOW,CONTINUOUS,-1,0,-1,-1
ESQR2L-3,./DWGs/ELEC/esqr2l.dwg,E-POWR,YELLOW,CONTINUOUS,-1,0,M,-1
EPORPWR,./DWGs/ELEC/eporpwr.dwg,E-POWR,YELLOW,CONTINUOUS,-1,0,-1,-1
EPCLK,./DWGs/ELEC/epclk.dwg,E-POWR,YELLOW,CONTINUOUS,-1,0,-1,-1
EPMOTOR,./DWGs/ELEC/epmotor.dwg,E-AUXL,YELLOW,CONTINUOUS,-1,0,,-1
EPMSS,./DWGs/ELEC/epmss.dwg,E-AUXL,YELLOW,CONTINUOUS,-1,0,-1,-1
EPMFSS,./DWGs/ELEC/epmfss.dwg,E-AUXL,YELLOW,CONTINUOUS,-1,0,-1,-1
EPMSTSS,./DWGs/ELEC/epmstss.dwg,E-AUXL,YELLOW,CONTINUOUS,-1,0,-1,-1
EPMSW,./DWGs/ELEC/epmsw.dwg,E-AUXL,YELLOW,CONTINUOUS,-1,0,,-1
EPMFSW,./DWGs/ELEC/epmfsw.dwg,E-AUXL,YELLOW,CONTINUOUS,-1,0,,-1
EPMSTSW,./DWGs/ELEC/epmstsw.dwg,E-AUXL,YELLOW,CONTINUOUS,-1,0,,-1
EPMTSW,./DWGs/ELEC/epmtsw.dwg,E-AUXL,YELLOW,CONTINUOUS,-1,0,;M,-1
PSWPLAIN13,./DWGs/ELEC/pswplain.dwg,E-AUXL,YELLOW,CONTINUOUS,-1,0,;M,-1
WIRELINE,,E-AUXL,YELLOW,CONTINUOUS,0,-1,LINE,-1
ECIR2,./DWGs/ELEC/ecir2.dwg,E-AUXL,YELLOW,CONTINUOUS,0,0,J,-1
EWFCOND,./DWGs/ELEC/ewfcond.dwg,E-AUXL,YELLOW,CONTINUOUS,-1,-1,-1,-1
EWFCOND2,./DWGs/ELEC/ewfcond2.dwg,E-AUXL,YELLOW,CONTINUOUS,-1,0,-1,-1
ECIR2L2,./DWGs/ELEC/ecir2l.dwg,E-AUXL,YELLOW,CONTINUOUS,-1,0,J,-1
ESQR2-7,./DWGs/ELEC/esqr2.dwg,E-AUXL,YELLOW,CONTINUOUS,-1,0,J,-1
ECIR2-2,./DWGs/ELEC/ecir2.dwg,E-SOUN,YELLOW,CONTINUOUS,0,0,S,-1
ECIR2L-4,./DWGs/ELEC/ecir2l.dwg,E-SOUN,YELLOW,CONTINUOUS,-1,0,S,-1
ECIR2L-5,./DWGs/ELEC/ecir2l.dwg,E-SOUN,YELLOW,CONTINUOUS,-1,0,M,-1
ESSFMMJ,./DWGs/ELEC/essfmmj.dwg,E-SOUN,YELLOW,CONTINUOUS,-1,0,M,-1
ECIR2L-6,./DWGs/ELEC/ecir2l.dwg,E-SOUN,YELLOW,CONTINUOUS,-1,0,V,-1
ERECT2,./DWGs/ELEC/erect2.dwg,E-SOUN,YELLOW,CONTINUOUS,-1,0,AMP,-1
ERECT2-2,./DWGs/ELEC/erect2.dwg,E-SOUN,YELLOW,CONTINUOUS,-1,0,SJB,-1
EDTRI1-2,./DWGs/ELEC/edtri1.dwg,E-SOUN,YELLOW,CONTINUOUS,-1,0,T,-1
ESSMINT,./DWGs/ELEC/essmint.dwg,E-SOUN,YELLOW,CONTINUOUS,-1,0,-1,-1
ESSSINT,./DWGs/ELEC/esssint.dwg,E-SOUN,YELLOW,CONTINUOUS,-1,0,-1,-1
ESQR2-8,./DWGs/ELEC/esqr2.dwg,E-SOUN,YELLOW,CONTINUOUS,-1,0,I,-1
ETTEL,./DWGs/ELEC/ettel.dwg,E-COMM,GREEN,CONTINUOUS,-1,0,,-1
ETTEL-W,./DWGs/ELEC/ettel.dwg,E-COMM,GREEN,CONTINUOUS,-1,0,W,-1
ETTEL-P,./DWGs/ELEC/ettel.dwg,E-COMM,GREEN,CONTINUOUS,-1,0,P,-1
ETFTEL,./DWGs/ELEC/etftel.dwg,E-COMM,GREEN,CONTINUOUS,-1,0,-1,-1
ETDATA,./DWGs/ELEC/etdata.dwg,E-COMM,GREEN,CONTINUOUS,-1,0,,-1
ETFDATA,./DWGs/ELEC/etfdata.dwg,E-COMM,GREEN,CONTINUOUS,-1,0,-1,-1
ETTD,./DWGs/ELEC/ettd.dwg,E-COMM,GREEN,CONTINUOUS,-1,0,,-1
ETFTD,./DWGs/ELEC/etftd.dwg,E-COMM,GREEN,CONTINUOUS,-1,0,-1,-1
ETTDUAL,./DWGs/ELEC/ettdual.dwg,E-COMM,GREEN,CONTINUOUS,-1,0,-1,-1
ETTPRIV,./DWGs/ELEC/ettpriv.dwg,E-COMM,GREEN,CONTINUOUS,-1,0,-1,-1
ETTEL-?,./DWGs/ELEC/ettel.dwg,E-COMM,GREEN,CONTINUOUS,-1,0,-1,-1
ETDATA-?,./DWGs/ELEC/etdata.dwg,E-COMM,GREEN,CONTINUOUS,-1,0,-1,-1
ETTD-?,./DWGs/ELEC/ettd.dwg,E-COMM,GREEN,CONTINUOUS,-1,0,-1,-1
ESQR2-9,./DWGs/ELEC/esqr2.dwg,E-FIRE,RED,CONTINUOUS,-1,0,F,-1
EFAVA,./DWGs/ELEC/efava.dwg,E-FIRE,RED,CONTINUOUS,-1,0,F,-1
EFADAVA,./DWGs/ELEC/efadava.dwg,E-FIRE,RED,CONTINUOUS,-1,0,,-1
EFAVAPS,./DWGs/ELEC/efavaps.dwg,E-FIRE,RED,CONTINUOUS,-1,0,F;F,-1
EFHORN,./DWGs/ELEC/efhorn.dwg,E-FIRE,RED,CONTINUOUS,-1,0,F,-1
SMOKE,./DWGs/ELEC/eahex1.dwg,E-FIRE,RED,CONTINUOUS,0,0,S,-1
HEAT,./DWGs/ELEC/eahex1.dwg,E-FIRE,RED,CONTINUOUS,0,0,H,-1
FLOWSWITCH,./DWGs/ELEC/ecir2.dwg,E-FIRE,RED,CONTINUOUS,0,0,FS,-1
TSWITCH,./DWGs/ELEC/ecir2.dwg,E-FIRE,RED,CONTINUOUS,0,0,TS,-1
DOOR,./DWGs/ELEC/efhex1.dwg,E-FIRE,RED,CONTINUOUS,0,0,D,-1
EFMASTER,./DWGs/ELEC/efmaster.dwg,E-FIRE,RED,CONTINUOUS,-1,0,M,-1
EFDMSD,./DWGs/ELEC/efdmsd.dwg,E-FIRE,RED,CONTINUOUS,0,0,,-1
EFRIDMSD,./DWGs/ELEC/efridmsd.dwg,E-FIRE,RED,CONTINUOUS,-1,0,-1,-1
ECIR2L-7,./DWGs/ELEC/ecir2l.dwg,E-FIRE,RED,CONTINUOUS,-1,0,R,-1
ECIR2L-F,./DWGs/ELEC/ecir2l.dwg,E-FIRE,RED,CONTINUOUS,-1,0,F,-1
FFFONE,./DWGs/ELEC/edtri1.dwg,E-FIRE,RED,CONTINUOUS,-1,0,F,-1
FCC,./DWGs/ELEC/erect2.dwg,E-FIRE,RED,CONTINUOUS,-1,0,FCC,-1
FATC,./DWGs/ELEC/erect3.dwg,E-FIRE,RED,CONTINUOUS,-1,0,FATC,-1
FATP,./DWGs/ELEC/erect3.dwg,E-FIRE,RED,CONTINUOUS,-1,0,FATP,-1
FACP,./DWGs/ELEC/erect3.dwg,E-FIRE,RED,CONTINUOUS,-1,0,FACP,-1
FAA,./DWGs/ELEC/erect2.dwg,E-FIRE,RED,CONTINUOUS,-1,0,FAA,-1
CM,./DWGs/ELEC/erect2.dwg,E-FIRE,RED,CONTINUOUS,-1,0,CM,-1
MM,./DWGs/ELEC/erect2.dwg,E-FIRE,RED,CONTINUOUS,-1,0,MM,-1
EFAB,./DWGs/ELEC/efefab.dwg,E-FIRE,RED,CONTINUOUS,-1,0,F,-1
EFBST,./DWGs/ELEC/efbst.dwg,E-FIRE,RED,CONTINUOUS,-1,0,F;T,-1
EFBSR,./DWGs/ELEC/efbsr.dwg,E-FIRE,RED,CONTINUOUS,-1,0,F;R,-1
CARDR,./DWGs/ELEC/esqr2.dwg,E-SERT,GREEN,CONTINUOUS,-1,0,CR,-1
DOORS,./DWGs/ELEC/esqr2.dwg,E-SERT,GREEN,CONTINUOUS,-1,0,DS,-1
MAGL,./DWGs/ELEC/esqr2.dwg,E-SERT,GREEN,CONTINUOUS,-1,0,ML,-1
POWERS,./DWGs/ELEC/esqr2.dwg,E-SERT,GREEN,CONTINUOUS,-1,0,PS,-1
ELECL,./DWGs/ELEC/esqr2.dwg,E-SERT,GREEN,CONTINUOUS,-1,0,EL,-1
ESSCAM,./DWGs/ELEC/esscam.dwg,E-SERT,GREEN,CONTINUOUS,-1,0,-1,-1
KEYPAD,./DWGs/ELEC/esqr2l.dwg,E-SERT,GREEN,CONTINUOUS,-1,0,K,-1
BELL,./DWGs/ELEC/ecir2l.dwg,E-SERT,GREEN,CONTINUOUS,-1,0,B,-1
MOTION,./DWGs/ELEC/efhex1.dwg,E-SERT,GREEN,CONTINUOUS,-1,0,M,-1
RTE,./DWGs/ELEC/erect2.dwg,E-SERT,GREEN,CONTINUOUS,-1,0,RTE,-1
EPIVOT,./DWGs/ELEC/edtri1.dwg,E-SERT,GREEN,CONTINUOUS,-1,0,E,-1
EPT,./DWGs/ELEC/erect2.dwg,E-SERT,GREEN,CONTINUOUS,-1,0,EPT,-1
EED,./DWGs/ELEC/erect2.dwg,E-SERT,GREEN,CONTINUOUS,-1,0,EED,-1
CHECKS,./DWGs/ELEC/esqr2.dwg,E-SERT,GREEN,CONTINUOUS,-1,0,CS,-1
DOORSTRIKE,./DWGs/ELEC/efhex1.dwg,E-SERT,GREEN,CONTINUOUS,-1,0,D,-1
ENTRYS,./DWGs/ELEC/esqr2.dwg,E-AUXL,YELLOW,CONTINUOUS,-1,0,ES,-1
MASTERS,./DWGs/ELEC/esqr2.dwg,E-AUXL,YELLOW,CONTINUOUS,-1,0,MS,-1
RMS,./DWGs/ELEC/erect2.dwg,E-AUXL,YELLOW,CONTINUOUS,-1,0,RMS,-1
PROGJACK,./DWGs/ELEC/esqr2.dwg,E-AUXL,YELLOW,CONTINUOUS,-1,0,PJ,-1
ROS,./DWGs/ELEC/erect2.dwg,E-AUXL,YELLOW,CONTINUOUS,-1,0,ROS,-1
CIR,./DWGs/ELEC/erect2.dwg,E-AUXL,YELLOW,CONTINUOUS,-1,0,CIR,-1
ACS,./DWGs/ELEC/erect2.dwg,E-AUXL,YELLOW,CONTINUOUS,-1,0,ACS,-1
ENWDML,./DWGs/ELEC/enwdml.dwg,E-NURS,MAGENTA,CONTINUOUS,-1,0,-1,-1
ENCDML,./DWGs/ELEC/encdml.dwg,E-NURS,MAGENTA,CONTINUOUS,-1,0,-1,-1
ENCDML2,./DWGs/ELEC/encdml2.dwg,E-NURS,MAGENTA,CONTINUOUS,-1,0,-1,-1
ENZNDML,./DWGs/ELEC/enzndml.dwg,E-NURS,MAGENTA,CONTINUOUS,-1,0,-1,-1
ENTPBPC,./DWGs/ELEC/entpbpc.dwg,E-NURS,MAGENTA,CONTINUOUS,-1,0,,-1
ENSTAFF,./DWGs/ELEC/enstaff.dwg,E-NURS,MAGENTA,CONTINUOUS,-1,0,-1,-1
ENMASTER,./DWGs/ELEC/enmaster.dwg,E-NURS,MAGENTA,CONTINUOUS,-1,0,-1,-1
ENDUTY,./DWGs/ELEC/enduty.dwg,E-NURS,MAGENTA,CONTINUOUS,-1,0,-1,-1
ENTPBPC-?,./DWGs/ELEC/entpbpc.dwg,E-NURS,MAGENTA,CONTINUOUS,-1,0,-1,-1
ENSTAS,./DWGs/ELEC/enstas.dwg,E-NURS,MAGENTA,CONTINUOUS,-1,0,-1,-1
ENSPSAPB,./DWGs/ELEC/enspsapb.dwg,E-NURS,MAGENTA,CONTINUOUS,-1,0,-1,-1
ENDPBS,./DWGs/ELEC/endpbs.dwg,E-NURS,MAGENTA,CONTINUOUS,-1,0,-1,-1
ANUNC,./DWGs/ELEC/ediam2l.dwg,E-NURS,MAGENTA,CONTINUOUS,-1,0,A,-1
ENWDMLS,./DWGs/ELEC/enwdmls.dwg,E-NURS,MAGENTA,CONTINUOUS,-1,0,-1,-1
NCC,./DWGs/ELEC/esqr2.dwg,E-NURS,MAGENTA,CONTINUOUS,-1,0,NC,-1
ENC99A,./DWGs/ELEC/enc99a.dwg,E-NURS,MAGENTA,CONTINUOUS,-1,0,N;,-1
ENC99A-NA,./DWGs/ELEC/enc99a.dwg,E-NURS,MAGENTA,CONTINUOUS,-1,0,N;A,-1
ENTCLK,./DWGs/ELEC/entclk.dwg,E-NURS,MAGENTA,CONTINUOUS,-1,0,-1,-1
ENCIM,./DWGs/ELEC/encim.dwg,E-NURS,MAGENTA,CONTINUOUS,-1,0,-1,-1
ENCDMLS,./DWGs/ELEC/encdmls.dwg,E-NURS,MAGENTA,CONTINUOUS,-1,0,-1,-1
E1BUSPLN,./DWGs/ELEC/e1buspln.dwg,E-1LIN,YELLOW,CONTINUOUS,-1,0,-1,-1
E1XFMR,./DWGs/ELEC/e1xfmr.dwg,E-1LIN,YELLOW,CONTINUOUS,-1,0,-1,-1
E1SIXFMR,./DWGs/ELEC/e1sixfmr.dwg,E-1LIN,YELLOW,CONTINUOUS,-1,0,-1,-1
E1ATS,./DWGs/ELEC/e1ats.dwg,E-1LIN,YELLOW,CONTINUOUS,-1,0,-1,-1
E1CT,./DWGs/ELEC/e1ct.dwg,E-1LIN,YELLOW,CONTINUOUS,-1,0,-1,-1
E1ATRAN,./DWGs/ELEC/e1atran.dwg,E-1LIN,YELLOW,CONTINUOUS,-1,0,-1,-1
E1PT,./DWGs/ELEC/e1pt.dwg,E-1LIN,YELLOW,CONTINUOUS,-1,0,-1,-1
E1MVOLTD,./DWGs/ELEC/e1mvoltd.dwg,E-1LIN,YELLOW,CONTINUOUS,-1,0,-1,-1
E1AMTR,./DWGs/ELEC/e1amtr.dwg,E-1LIN,YELLOW,CONTINUOUS,-1,0,-1,-1
E1DISCSW,./DWGs/ELEC/e1discsw.dwg,E-1LIN,YELLOW,CONTINUOUS,-1,0,-1,-1
E1DRAWOC,./DWGs/ELEC/e1drawoc.dwg,E-1LIN,YELLOW,CONTINUOUS,-1,0,-1,-1
E1FDSW,./DWGs/ELEC/e1fdsw.dwg,E-1LIN,YELLOW,CONTINUOUS,-1,0,-1,-1
E1CIRB,./DWGs/ELEC/e1cirb.dwg,E-1LIN,YELLOW,CONTINUOUS,-1,0,-1,-1
E1GND,./DWGs/ELEC/e1gnd.dwg,E-1LIN,YELLOW,CONTINUOUS,0,0,-1,-1
E1FUSE,./DWGs/ELEC/e1fuse.dwg,E-1LIN,YELLOW,CONTINUOUS,-1,0,-1,-1
E1MVPFSW,./DWGs/ELEC/e1mvpfsw.dwg,E-1LIN,YELLOW,CONTINUOUS,-1,0,-1,-1
E1MVPFSWDL,./DWGs/ELEC/e1mvpfswdl.dwg,E-1LIN,YELLOW,CONTINUOUS,-1,0,-1,-1
E1MVPSELSWL,./DWGs/ELEC/e1mvpselswl.dwg,E-1LIN,YELLOW,CONTINUOUS,-1,0,-1,-1
E1MVPSELSWR,./DWGs/ELEC/e1mvpselswr.dwg,E-1LIN,YELLOW,CONTINUOUS,-1,0,-1,-1
E1MVPSELSWDL,./DWGs/ELEC/e1mvpselswdl.dwg,E-1LIN,YELLOW,CONTINUOUS,-1,0,-1,-1
E1MVPSELSWDR,./DWGs/ELEC/e1mvpselswdr.dwg,E-1LIN,YELLOW,CONTINUOUS,-1,0,-1,-1
E1MVPVACB,./DWGs/ELEC/e1mvpvacb.dwg,E-1LIN,YELLOW,CONTINUOUS,-1,0,-1,-1
E1MVDRAWOPVAC,./DWGs/ELEC/e1mvdrawopvac.dwg,E-1LIN,YELLOW,CONTINUOUS,-1,0,-1,-1
E1MVDRAWOSPC,./DWGs/ELEC/e1mvdrawospc.dwg,E-1LIN,YELLOW,CONTINUOUS,-1,0,-1,-1
E1MVGND,./DWGs/ELEC/e1mvgnd.dwg,E-1LIN,YELLOW,CONTINUOUS,-1,0,-1,-1
E1MVINLINE,./DWGs/ELEC/e1mvinline.dwg,E-1LIN,YELLOW,CONTINUOUS,-1,0,-1,-1
E1MVSURGE,./DWGs/ELEC/e1mvsurge.dwg,E-1LIN,YELLOW,CONTINUOUS,-1,0,-1,-1
E1MVFUSE,./DWGs/ELEC/e1mvfuse.dwg,E-1LIN,YELLOW,CONTINUOUS,-1,0,-1,-1
E1CNCH,./DWGs/ELEC/e1cnch.dwg,E-1LIN,YELLOW,CONTINUOUS,-1,0,-1,-1
E1CNOH,./DWGs/ELEC/e1cnoh.dwg,E-1LIN,YELLOW,CONTINUOUS,-1,0,-1,-1
E1RFHFUSEH,./DWGs/ELEC/e1rfhfuseh.dwg,E-1LIN,YELLOW,CONTINUOUS,-1,0,-1,-1
E1RFHHEAT,./DWGs/ELEC/e1rfhheat.dwg,E-1LIN,YELLOW,CONTINUOUS,-1,0,-1,-1
E1RFHRELAY,./DWGs/ELEC/e1rfhrelay.dwg,E-1LIN,YELLOW,CONTINUOUS,-1,0,-1,-1
EDESTYPSM,./DWGs/ELEC/edestypsm.dwg,E-NOTE,CYAN,CONTINUOUS,-1,0,-1,-1
EGHEX,./DWGs/ELEC/eghex.dwg,E-NOTE,CYAN,CONTINUOUS,-1,0,-1,-1
COLDWATER,,P-COLD,BLUE,COLDWR,0,-1,LINE,-1
HOTWATER,,P_HOTT,RED,HOTWR,0,-1,LINE,-1
HOTWATERR,,P-HOTR,30,HWR,0,-1,LINE,-1
NCW,,P-NPCW,161,CONTINUOUS,0,-1,LINE,-1
NHW,,P-NPHW,240,CONTINUOUS,0,-1,LINE,-1
NHWR,,P-NHWR,241,CONTINUOUS,0,-1,LINE,-1
HW140,,P-140H,230,CONTINUOUS,0,-1,LINE,-1
HWR140,,P-140R,222,CONTINUOUS,0,-1,LINE,-1
HW180,,P-180H,230,CONTINUOUS,0,-1,LINE,-1
HWR180,,P-180R,222,CONTINUOUS,0,-1,LINE,-1
DWS,,P-CHWS,150,CONTINUOUS,0,-1,LINE,-1
DWR,,P-CHWR,151,CONTINUOUS,0,-1,LINE,-1
IRRIG,,P-IRRG,YELLOW,CONTINUOUS,0,-1,LINE,-1
TW,,P-TMPW,MAGENTA,CONTINUOUS,0,-1,LINE,-1
ROWS,,P-ROWS,70,CONTINUOUS,0,-1,LINE,-1
ROWR,,P-ROWR,71,CONTINUOUS,0,-1,LINE,-1
RODI,,P-RODI,80,CONTINUOUS,0,-1,LINE,-1
CWLZ,,P-CWLZ,170,CONTINUOUS,0,-1,LINE,-1
HWLZ,,P-HWLZ,230,CONTINUOUS,0,-1,LINE,-1
HRLZ,,P-HRLZ,31,CONTINUOUS,0,-1,LINE,-1
NCWL,,P-NCWL,161,CONTINUOUS,0,-1,LINE,-1
NHWL,,P-NHWL,240,CONTINUOUS,0,-1,LINE,-1
NHRL,,P-NHRL,241,CONTINUOUS,0,-1,LINE,-1
CWMZ,,P-CWMZ,190,CONTINUOUS,0,-1,LINE,-1
HWMZ,,P-HWMZ,20,CONTINUOUS,0,-1,LINE,-1
HRMZ,,P-HRMZ,21,CONTINUOUS,0,-1,LINE,-1
NCWM,,P-NCWM,191,CONTINUOUS,0,-1,LINE,-1
NHWM,,P-NHWM,32,CONTINUOUS,0,-1,LINE,-1
NHRM,,P-NHRM,30,CONTINUOUS,0,-1,LINE,-1
CWHZ,,P-CWHZ,130,CONTINUOUS,0,-1,LINE,-1
HWHZ,,P-HWHZ,243,CONTINUOUS,0,-1,LINE,-1
HRHZ,,P-HRHZ,51,CONTINUOUS,0,-1,LINE,-1
NCWH,,P-NCWH,171,CONTINUOUS,0,-1,LINE,-1
NHWH,,P-NHWH,231,CONTINUOUS,0,-1,LINE,-1
NHRH,,P-NHRH,155,CONTINUOUS,0,-1,LINE,-1
WAST,,P-WAST,YELLOW,CONTINUOUS,0,-1,LINE,-1
WUNS,,P-WUNS,YELLOW,CONTINUOUS,0,-1,DL,-1
VENT,,P-VENT,MAGENTA,DASHED2,0,-1,LINE,-1
VUNS,,P-VUNS,MAGENTA,DASHED2,0,-1,DL,-1
IWST,,P-IWST,150,CONTINUOUS,0,-1,LINE,-1
GRSW,,P-GRSW,YELLOW,CONTINUOUS,0,-1,LINE,-1
GWUS,,P-GWUS,YELLOW,CONTINUOUS,0,-1,DL,-1
PMPD,,P-PMPD,YELLOW,CONTINUOUS,0,-1,LINE,-1
RNWL,,P-RNWL,GREEN,RWL,0,-1,LINE,-1
RWUS,,P-RWUS,GREEN,RWL,0,-1,DL,1
LABW,,P-LABW,RED,CONTINUOUS,0,-1,LINE,-1
LWUS,,P-LWUS,RED,CONTINUOUS,0,-1,DL,-1
LABV,,P-LABV,GREEN,DASHED2,0,-1,LINE,-1
LVUS,,P-LVUS,GREEN,DASHED2,0,-1,DL,-1
SPCW,,P-SPCW,RED,CONTINUOUS,0,-1,LINE,-1
SWUS,,P-SWUS,RED,CONTINUOUS,0,-1,DL,-1
SPCV,,P-SPCV,GREEN,DASHED2,0,-1,LINE,-1
SVUS,,P-SVUS,GREEN,DASHED2,0,-1,DL,-1
LAIR,,P-LAIR,YELLOW,CONTINUOUS,0,-1,LINE,-1
MAIR,,P-MAIR,YELLOW,CONTINUOUS,0,-1,LINE,-1
VACM,,P-VACM,41,CONTINUOUS,0,-1,LINE,-1
LVAC,,P-LVAC,41,CONTINUOUS,0,-1,LINE,-1
MVAC,,P-MVAC,41,CONTINUOUS,0,-1,LINE,-1
SVAC,,P-SVAC,41,CONTINUOUS,0,-1,LINE,-1
OXYG,,P-OXYG,80,CONTINUOUS,0,-1,LINE,-1
CO2S,,P-CO2S,RED,CONTINUOUS,0,-1,LINE,-1
N2GA,,P-N2GA,242,CONTINUOUS,0,-1,LINE,-1
N2LQ,,P-N2LQ,240,CONTINUOUS,0,-1,LINE,-1
NOGA,,P-NOGA,150,CONTINUOUS,0,-1,LINE,-1
NOEV,,P-NOEV,200,CONTINUOUS,0,-1,LINE,-1
VCEX,,P-VCEX,YELLOW,DASHED2,0,-1,LINE,-1
MAIN,,P-MAIN,BLUE,CONTINUOUS,0,-1,LINE,-1
LAIN,,P-LAIN,BLUE,CONTINUOUS,0,-1,LINE,-1
VAPV,,P-VAPV,YELLOW,DASHED2,0,-1,LINE,-1
NGAS,,P-NGAS,140,CONTINUOUS,0,-1,LINE,-1
NGUS,,P-NGUS,140,CONTINUOUS,0,-1,DL,-1
NGAV,,P-NGAV,140,CONTINUOUS,0,-1,LINE,-1
LPGA,,P-LPGA,111,CONTINUOUS,0,-1,LINE,-1
F-MAIN,,F-MAIN,RED,CONTINUOUS,0,-1,LINE,-1
F-MNUS,,F-MNUS,RED,CONTINUOUS,0,-1,LINE,-1
F-FSPW,,F-FSPW,MAGENTA,CONTINUOUS,0,-1,LINE,-1
F-FSPD,,F-FSPD,230,CONTINUOUS,0,-1,LINE,-1
F-SPRP,,F-SPRP,YELLOW,CONTINUOUS,0,-1,LINE,-1
F-SPRW,,F-SPRW,RED,CONTINUOUS,0,-1,LINE,-1
F-SPRD,,F-SPRD,MAGENTA,CONTINUOUS,0,-1,LINE,-1
F-SDRN,,F-SDRN,GREEN,CONTINUOUS,0,-1,LINE,-1
P-EQPM,,P-EQPM,YELLOW,CONTINUOUS,0,-1,-1,-1
P-FIXT,,P-FIXT,CYAN,CONTINUOUS,0,-1,-1,-1
P-RMNM,,P-RMNM,9,CONTINUOUS,0,-1,-1,-1
P-HVAC,,P-HVAC,9,CONTINUOUS,0,-1,-1,-1
PFWCTNK,./DWGs/PLUM/pfwctnk.dwg,P-FIXT,CYAN,CONTINUOUS,-1,0,-1,1
PFWCFV,./DWGs/PLUM/pfwcfv.dwg,P-FIXT,CYAN,CONTINUOUS,-1,0,-1,1
PFUR,./DWGs/PLUM/pfur.dwg,P-FIXT,CYAN,CONTINUOUS,-1,0,-1,1
PFLAVRECT,./DWGs/PLUM/pflavrect.dwg,P-FIXT,CYAN,CONTINUOUS,-1,0,-1,1
PFLAVOVAL,./DWGs/PLUM/pflavoval.dwg,P-FIXT,CYAN,CONTINUOUS,-1,0,-1,1
PFLAVCNR,./DWGs/PLUM/pflavcnr.dwg,P-FIXT,CYAN,CONTINUOUS,-1,0,-1,1
PFLAVHC,./DWGs/PLUM/pflavhc.dwg,P-FIXT,CYAN,CONTINUOUS,-1,0,-1,1
PFSHWR36X36,./DWGs/PLUM/pfshwr36x36.dwg,P-FIXT,CYAN,CONTINUOUS,-1,0,-1,1
PFSHWR36X36C,./DWGs/PLUM/pfshwr36x36c.dwg,P-FIXT,CYAN,CONTINUOUS,-1,0,-1,1
PFSHWR36X48,./DWGs/PLUM/pfshwr36x48.dwg,P-FIXT,CYAN,CONTINUOUS,-1,0,-1,1
PFTUB,./DWGs/PLUM/pftub.dwg,P-FIXT,CYAN,CONTINUOUS,-1,0,-1,1
PFDF,./DWGs/PLUM/pfdf.dwg,P-FIXT,CYAN,CONTINUOUS,-1,0,-1,1
PFDFHC,./DWGs/PLUM/pfdfhc.dwg,P-FIXT,CYAN,CONTINUOUS,-1,0,-1,1
PFDFOVAL,./DWGs/PLUM/pfdfoval.dwg,P-FIXT,CYAN,CONTINUOUS,-1,0,-1,1
PFDFHILO,./DWGs/PLUM/pfdfhilo.dwg,P-FIXT,CYAN,CONTINUOUS,-1,0,-1,1
PFDFEWC,./DWGs/PLUM/pfdfewc.dwg,P-FIXT,CYAN,CONTINUOUS,-1,0,-1,1
PFSKSNGL24,./DWGs/PLUM/pfsksngl24.dwg,P-FIXT,CYAN,CONTINUOUS,-1,0,-1,1
PFSKSNGL30,./DWGs/PLUM/pfsksngl30.dwg,P-FIXT,CYAN,CONTINUOUS,-1,0,-1,1
PFSKDBL32,./DWGs/PLUM/pfskdbl32.dwg,P-FIXT,CYAN,CONTINUOUS,-1,0,-1,1
PFSKDBL36,./DWGs/PLUM/pfskdbl36.dwg,P-FIXT,CYAN,CONTINUOUS,-1,0,-1,1
PFSKDBL42,./DWGs/PLUM/pfskdbl42.dwg,P-FIXT,CYAN,CONTINUOUS,-1,0,-1,1
PFSKLAB,./DWGs/PLUM/pfsklab.dwg,P-FIXT,CYAN,CONTINUOUS,-1,0,-1,1
PFSKCUP,./DWGs/PLUM/pfskcup.dwg,P-FIXT,CYAN,CONTINUOUS,-1,0,-1,1
PLES,./DWGs/PLUM/ples.dwg,P-FIXT,CYAN,CONTINUOUS,-1,0,-1,-1
PFMR24X24,./DWGs/PLUM/pfmr24x24.dwg,P-FIXT,CYAN,CONTINUOUS,-1,0,-1,1
PFMRCNR,./DWGs/PLUM/pfmrcnr.dwg,P-FIXT,CYAN,CONTINUOUS,-1,0,-1,1
PFMR24X36,./DWGs/PLUM/pfmr24x36.dwg,P-FIXT,CYAN,CONTINUOUS,-1,0,-1,1
PFSKSS,./DWGs/PLUM/pfskss.dwg,P-FIXT,CYAN,CONTINUOUS,-1,0,-1,1
PFSKFR,./DWGs/PLUM/pfskfr.dwg,P-FIXT,CYAN,CONTINUOUS,-1,0,-1,1
PLFCO,./DWGs/PLUM/plfco.dwg,,,,-1,0,-1,-1
PLPW-T,./DWGs/PLUM/plpw-t.dwg,,,,-1,0,-1,-1
PLTP,./DWGs/PLUM/pltp.dwg,,,,-1,0,-1,-1
PLHB2,./DWGs/PLUM/plhb2.dwg,,,,-1,0,-1,-1
PLRD,./DWGs/PLUM/plrd.dwg,,,,-1,0,-1,-1
PLFD,./DWGs/PLUM/plfd.dwg,,,,-1,0,-1,-1
PLFDT,./DWGs/PLUM/plfdt.dwg,,,,-1,0,-1,-1
PLLGA,./DWGs/PLUM/pllga.dwg,,,,-1,0,-1,-1
PLSA,./DWGs/PLUM/plsa.dwg,,,,-1,0,-1,-1
PLPG,./DWGs/PLUM/plpg.dwg,,,,-1,0,-1,-1
PLTHM,./DWGs/PLUM/plthm.dwg,,,,-1,0,-1,-1
PLS-RE,./DWGs/PLUM/pls-re.dwg,,,,-1,0,-1,-1
PLS-PN,./DWGs/PLUM/pls-pn.dwg,,,,0,0,-1,-1
PLS-UP,./DWGs/PLUM/pls-up.dwg,,,,0,0,-1,-1
PLS-SW,./DWGs/PLUM/pls-sw.dwg,,,,-1,0,-1,-1
PLS-DSW,./DWGs/PLUM/pls-dsw.dwg,,,,-1,0,-1,-1
PLS-DPN,./DWGs/PLUM/pls-dpn.dwg,,,,-1,0,-1,-1
PLVIV,./DWGs/PLUM/plviv.dwg,,,,-1,0,-1,-1
PLACV,./DWGs/PLUM/placv.dwg,,,,-1,0,-1,-1
PLDACV,./DWGs/PLUM/pldacv.dwg,,,,-1,0,-1,-1
PLPAV,./DWGs/PLUM/plpav.dwg,,,,-1,0,-1,-1
PLFSI,./DWGs/PLUM/plfsi.dwg,,,,-1,0,-1,-1
PLWSI,./DWGs/PLUM/plwsi.dwg,,,,-1,0,-1,-1
PLFDFH,./DWGs/PLUM/plfdfh.dwg,,,,-1,0,-1,-1
PLFHR,./DWGs/PLUM/plfhr.dwg,,,,-1,0,-1,-1
PLEBELL,./DWGs/PLUM/plebell.dwg,,,,-1,0,-1,-1
PLGONG,./DWGs/PLUM/plgong.dwg,,,,-1,0,-1,-1
